algorithm,n_cities,avg_time,std_time,min_time,max_time,avg_cost,std_cost,min_cost,iterations,pattern
greedy,20,0.026177740097045897,0.005110629073478542,0.017490863800048828,0.03208565711975098,386.62667700610024,0.0,386.62667700610024,5,random
genetic,20,3.030674695968628,0.07978443350883253,2.9216973781585693,3.168739080429077,400.0973787850647,18.289882392270318,386.62667700610024,5,random
simulated_annealing,20,0.060005474090576175,0.010056102987620386,0.048102378845214844,0.07448863983154297,396.84183009475237,11.268323819506973,386.62667700610024,5,random
greedy,50,0.6571990489959717,0.08904311530674748,0.5714900493621826,0.8149590492248535,592.743846263456,0.0,592.743846263456,5,random
genetic,50,8.1787588596344,0.6060768782130149,7.289488792419434,8.979346513748169,746.6261137987278,27.89521055236667,707.7692155457576,5,random
simulated_annealing,50,0.08004846572875976,0.015227460505604803,0.053429603576660156,0.09870314598083496,873.6458329362464,46.274792806219544,817.7623688604463,5,random
greedy,100,10.783028936386108,0.6594546842012955,10.180134296417236,11.978768348693848,821.1869316190241,0.0,821.1869316190241,5,random
genetic,100,19.553949642181397,1.0244943291335626,18.137881755828857,20.772915840148926,1503.038845876743,83.8597642070573,1398.1368811869029,5,random
simulated_annealing,100,0.15498476028442382,0.01523328692862098,0.13807201385498047,0.18302178382873535,1995.860051743331,121.40009741083541,1805.825535921454,5,random
